position,conservation,entropy,variability
1,1.0,0.0,0.05
2,0.97219889308248,0.02780110691752007,0.1
3,0.9611302397611536,0.038869760238846404,0.15
4,0.9887810704250655,0.011218929574934516,0.1
5,0.9887810704250655,0.011218929574934516,0.1
6,0.6806870393690276,0.3193129606309723,0.35
7,1.0,0.0,0.05
8,1.0,0.0,0.05
9,1.0,0.0,0.05
10,0.9266780959213619,0.0733219040786381,0.3
11,0.7022474688417655,0.2977525311582345,0.3
12,0.9087388266506765,0.0912611733493235,0.15
13,0.9524522457627996,0.047547754237200326,0.15
14,0.5770638591692114,0.42293614083078857,0.25
15,0.5854486049365661,0.41455139506343386,0.3
16,0.9723195887860194,0.027680411213980623,0.1
17,1.0,0.0,0.05
18,1.0,0.0,0.05
19,1.0,0.0,0.05
20,1.0,0.0,0.05
21,0.9887810704250655,0.011218929574934516,0.1
22,1.0,0.0,0.05
23,1.0,0.0,0.05
24,1.0,0.0,0.05
25,1.0,0.0,0.05
26,0.9522325668989825,0.04776743310101749,0.1
27,0.8034461762194367,0.19655382378056332,0.1
28,1.0,0.0,0.05
29,0.9800733333379917,0.019926666662008298,0.1
30,0.9651888793895418,0.034811120610458185,0.1
31,0.8608490851853646,0.13915091481463535,0.2
32,1.0,0.0,0.05
33,0.8975565146061681,0.10244348539383184,0.1
34,1.0,0.0,0.05
35,1.0,0.0,0.05
36,0.9585240515360788,0.041475948463921226,0.1
37,1.0,0.0,0.05
38,1.0,0.0,0.05
39,1.0,0.0,0.05
40,0.9887810704250655,0.011218929574934516,0.1
41,0.723889064068876,0.27611093593112407,0.2
42,1.0,0.0,0.05
43,1.0,0.0,0.05
44,0.9723195887860194,0.027680411213980623,0.1
45,0.9723195887860194,0.027680411213980623,0.1
46,1.0,0.0,0.05
47,1.0,0.0,0.05
48,0.9465053410383334,0.053494658961666566,0.25
49,0.9887810704250655,0.011218929574934516,0.1
50,0.8460001885559159,0.15399981144408417,0.4
51,1.0,0.0,0.05
52,1.0,0.0,0.05
53,1.0,0.0,0.05
54,0.6828117120644364,0.31718828793556364,0.3
55,1.0,0.0,0.05
56,1.0,0.0,0.05
57,1.0,0.0,0.05
58,0.6763510209101075,0.32364897908989254,0.2
59,0.9723195887860194,0.027680411213980623,0.1
60,1.0,0.0,0.05
61,0.9887810704250655,0.011218929574934516,0.1
62,1.0,0.0,0.05
63,1.0,0.0,0.05
64,1.0,0.0,0.05
65,1.0,0.0,0.05
66,1.0,0.0,0.05
67,1.0,0.0,0.05
68,0.9453415296264772,0.054658470373522734,0.15
69,1.0,0.0,0.05
70,1.0,0.0,0.05
71,0.8127851200968925,0.18721487990310742,0.1
72,0.9453415296264772,0.054658470373522734,0.15
73,1.0,0.0,0.05
74,1.0,0.0,0.05
75,0.9198364080974148,0.0801635919025851,0.1
76,1.0,0.0,0.05
77,0.9887810704250655,0.011218929574934516,0.1
78,0.9473546957713681,0.05264530422863184,0.15
79,0.9350686693499234,0.06493133065007661,0.1
80,1.0,0.0,0.05
81,0.9887810704250655,0.011218929574934516,0.1
82,1.0,0.0,0.05
83,0.5278744223568007,0.4721255776431993,0.35
84,1.0,0.0,0.05
85,1.0,0.0,0.05
86,0.776816781226498,0.223183218773502,0.35
87,0.7766319207691194,0.22336807923088065,0.15
88,0.9887810704250655,0.011218929574934516,0.1
89,1.0,0.0,0.05
90,1.0,0.0,0.05
91,0.5998430842150644,0.4001569157849356,0.5
92,0.7367993884217992,0.26320061157820085,0.15
93,0.9361954203308936,0.06380457966910637,0.2
94,0.9688740701497668,0.031125929850233245,0.15
95,1.0,0.0,0.05
96,0.6918444353153883,0.3081555646846117,0.2
97,1.0,0.0,0.05
98,0.9298056725086907,0.07019432749130929,0.1
99,0.9887810704250655,0.011218929574934516,0.1
100,0.9775719472497781,0.022428052750221913,0.15
101,0.9887810704250655,0.011218929574934516,0.1
102,0.9800733333379917,0.019926666662008298,0.1
103,1.0,0.0,0.05
104,1.0,0.0,0.05
105,0.9887810704250655,0.011218929574934516,0.1
106,0.9887810704250655,0.011218929574934516,0.1
107,0.9239652159166212,0.07603478408337888,0.2
108,1.0,0.0,0.05
109,0.9887810704250655,0.011218929574934516,0.1
110,0.815644492191678,0.184355507808322,0.15
111,0.8636855040870004,0.1363144959129996,0.2
112,0.9212865948049129,0.07871340519508711,0.2
113,0.9887810704250655,0.011218929574934516,0.1
114,1.0,0.0,0.05
115,0.8803461826691534,0.11965381733084662,0.2
116,0.5750394428020151,0.4249605571979849,0.45
117,1.0,0.0,0.05
118,0.9540094993029743,0.04599050069702573,0.15
119,1.0,0.0,0.05
120,0.6501220317292067,0.34987796827079337,0.25
121,0.9688740701497668,0.031125929850233245,0.15
122,0.9887810704250655,0.011218929574934516,0.1
123,0.9540094993029743,0.04599050069702573,0.15
124,0.7571618979897914,0.2428381020102086,0.2
125,1.0,0.0,0.05
126,1.0,0.0,0.05
127,0.9887810704250655,0.011218929574934516,0.1
128,0.8126657717894731,0.18733422821052692,0.15
129,0.9775719472497781,0.022428052750221913,0.15
130,1.0,0.0,0.05
131,0.8934805954513062,0.1065194045486938,0.1
132,0.9351041601738205,0.06489583982617954,0.15
133,1.0,0.0,0.05
134,1.0,0.0,0.05
135,0.8257263946708185,0.17427360532918146,0.1
136,0.9540094993029743,0.04599050069702573,0.15
137,1.0,0.0,0.05
138,1.0,0.0,0.05
139,0.9800733333379917,0.019926666662008298,0.1
140,1.0,0.0,0.05
141,1.0,0.0,0.05
142,1.0,0.0,0.05
143,1.0,0.0,0.05
144,1.0,0.0,0.05
145,1.0,0.0,0.05
146,0.9775719472497781,0.022428052750221913,0.15
147,1.0,0.0,0.05
148,0.8217540280529606,0.1782459719470394,0.2
149,0.9688740701497668,0.031125929850233245,0.15
150,1.0,0.0,0.05
151,1.0,0.0,0.05
152,1.0,0.0,0.05
153,0.9887810704250655,0.011218929574934516,0.1
154,0.7707770417312423,0.22922295826875766,0.1
155,1.0,0.0,0.05
156,1.0,0.0,0.05
157,1.0,0.0,0.05
158,1.0,0.0,0.05
159,1.0,0.0,0.05
160,0.9800733333379917,0.019926666662008298,0.1
161,0.9887810704250655,0.011218929574934516,0.1
162,1.0,0.0,0.05
163,1.0,0.0,0.05
164,1.0,0.0,0.05
165,1.0,0.0,0.05
166,1.0,0.0,0.05
167,0.9887810704250655,0.011218929574934516,0.1
168,0.9887810704250655,0.011218929574934516,0.1
169,0.8168812308931617,0.18311876910683836,0.1
170,0.9585240515360788,0.041475948463921226,0.1
171,0.7434116582374869,0.2565883417625131,0.25
172,1.0,0.0,0.05
173,1.0,0.0,0.05
174,0.9887810704250655,0.011218929574934516,0.1
175,1.0,0.0,0.05
176,1.0,0.0,0.05
177,0.906720914612333,0.09327908538766708,0.2
178,0.792410322162538,0.20758967783746193,0.1
179,0.9663726840615532,0.03362731593844686,0.2
180,0.759615502160293,0.240384497839707,0.15
181,1.0,0.0,0.05
182,1.0,0.0,0.05
183,0.8002547238869699,0.19974527611303008,0.3
184,1.0,0.0,0.05
185,1.0,0.0,0.05
186,1.0,0.0,0.05
187,0.7757122334160504,0.22428776658394953,0.2
188,1.0,0.0,0.05
189,1.0,0.0,0.05
190,0.9887810704250655,0.011218929574934516,0.1
191,0.9136257138229076,0.08637428617709239,0.15
192,1.0,0.0,0.05
193,1.0,0.0,0.05
194,0.9723195887860194,0.027680411213980623,0.1
195,1.0,0.0,0.05
196,1.0,0.0,0.05
197,1.0,0.0,0.05
198,1.0,0.0,0.05
199,0.9247337252043315,0.07526627479566846,0.1
200,0.6899203840213717,0.31007961597862826,0.35
201,0.9585240515360788,0.041475948463921226,0.1
202,1.0,0.0,0.05
203,0.7694466240265985,0.23055337597340148,0.1
204,0.8593904772749189,0.14060952272508112,0.2
205,0.9887810704250655,0.011218929574934516,0.1
206,1.0,0.0,0.05
207,0.6924921432151563,0.3075078567848437,0.3
208,0.8020836475192077,0.19791635248079237,0.15
209,0.9887810704250655,0.011218929574934516,0.1
210,0.8218839630516759,0.17811603694832415,0.2
211,0.9585240515360788,0.041475948463921226,0.1
212,1.0,0.0,0.05
213,0.9887810704250655,0.011218929574934516,0.1
214,1.0,0.0,0.05
215,1.0,0.0,0.05
216,0.9887810704250655,0.011218929574934516,0.1
217,0.9775719472497781,0.022428052750221913,0.15
218,1.0,0.0,0.05
219,1.0,0.0,0.05
220,1.0,0.0,0.05
221,0.9887810704250655,0.011218929574934516,0.1
222,1.0,0.0,0.05
223,1.0,0.0,0.05
224,1.0,0.0,0.05
225,0.77383774831282,0.22616225168718002,0.15
226,1.0,0.0,0.05
227,1.0,0.0,0.05
228,1.0,0.0,0.05
229,1.0,0.0,0.05
230,0.9244361903728304,0.07556380962716962,0.1
231,1.0,0.0,0.05
232,1.0,0.0,0.05
233,1.0,0.0,0.05
234,1.0,0.0,0.05
235,1.0,0.0,0.05
